<DataBaseConfiguration>
	<HibernateConfigFile>jcolibri/examples/TravelRecommender/hibernate.cfg.xml</HibernateConfigFile>
	<DescriptionMappingFile>jcolibri/examples/TravelRecommender/TravelDescription.hbm.xml</DescriptionMappingFile>
	<DescriptionClassName>jcolibri.examples.TravelRecommender.TravelDescription</DescriptionClassName>
	<SolutionMappingFile>jcolibri/examples/TravelRecommender/TravelSolution.hbm.xml</SolutionMappingFile>
	<SolutionClassName>jcolibri.examples.TravelRecommender.TravelSolution</SolutionClassName>
	
</DataBaseConfiguration>