<DataBaseConfiguration>
	<HibernateConfigFile>jcolibri/mtechkecbr/RecipeRecommender/hibernate.cfg.xml</HibernateConfigFile>
	<DescriptionMappingFile>jcolibri/mtechkecbr/RecipeRecommender/RecipeDescription.hbm.xml</DescriptionMappingFile>
	<DescriptionClassName>jcolibri.mtechkecbr.RecipeRecommender.RecipeDescription</DescriptionClassName>
	<SolutionMappingFile>jcolibri/mtechkecbr/RecipeRecommender/RecipeSolution.hbm.xml</SolutionMappingFile>
	<SolutionClassName>jcolibri.mtechkecbr.RecipeRecommender.RecipeSolution</SolutionClassName>
	
</DataBaseConfiguration>