<?xml version="1.0"?>
<!DOCTYPE hibernate-mapping PUBLIC "-//Hibernate/Hibernate Mapping DTD//EN" "http://hibernate.sourceforge.net/hibernate-mapping-3.0.dtd">
<hibernate-mapping default-lazy="false">
<class name="jcolibri.mtechkecbr.RecipeRecommender.RecipeDescription" table="Recipe">

	<id name="caseId" column="caseId">
	  <generator class="native"/>
	</id>
	<property name="DifficultyLevel" column="DifficultyLevel"/>
	<property name="NumberOfPersons" column="Servings"/>
	<property name="PrepDuration" column="PrepTime"/>
	<property name="CookingDuration" column="CookTime"/>
	<property name="Cuisine" column="Cuisine">
		<type name="jcolibri.connector.databaseutils.GenericUserType">
			<param name="className">jcolibri.datatypes.Instance</param>
		</type>
	</property>
	<property name="TypeOfMeal" column="DishType"/>
	<property name="Equipment" column="Equipment"/>
	<property name="CookingMethod" column="CookingMethod"/>
	<property name="MainIngredient" column="IngredientsCategory"/>
	<property name="Ingredients" column="IngredientsOnly"/>
	<property name="Tags" column="Tags"/>
	
</class>
</hibernate-mapping>